"Image_id";"PCA_col_1";"PCA_col_2";"PCA_col_3";"PCA_col_4"
"001_1_52759182023_o";2,67706530047212;-1,65536561034099;-0,720144053241119;-0,34712578395686
"002_1_52758154022_o";-0,165206305683355;6,50907413241656;0,403334181174975;1,02617289649984
"003_1_52758154042_o";-3,47952247373487;-0,81814840945912;-1,49042629924659;1,01339885706352
"004_1_52759103020_o";1,12771066219128;-1,22358032903555;1,3230834409532;-0,0783827255255586
"005_1_52758696951_o";2,2637537847552;-2,16174245188212;0,829233909937337;0,365898183441591
"006_1_52758154102_o";1,24621508125668;1,17565433777731;0,708313453208236;-1,60377978117496
"007_1_52759103040_o";2,85800767368031;-0,655454995260931;0,246517126780523;0,0337857543234123
"008_1_52759103075_o";2,85430394576886;-0,379881460093421;0,7004747339587;-1,05322551928176
"009_1_52758945894_o";1,83387593420595;-2,34896842494247;0,889704513492859;0,730474768748469
"010_1_52759182143_o";3,04621683463672;2,05844177677035;0,54711937740942;0,416350816663575
"011_1_52758697036_o";-2,1561636010921;-2,28440586089735;-0,648644473249028;1,63656841697133
"012_1_52759182198_o";3,65491414086269;-1,05340072097558;0,105635480646502;-0,557581698344842
"013_1_52758945999_o";-1,82546033703007;-2,07088715581113;0,825525041670213;-0,978504659924439
"014_1_52759182243_o";1,91662258514511;3,60945710210521;1,37199480702486;0,479475846591852
"015_1_52758946069_o";3,0476392901562;1,36564925950044;1,21498241944316;0,362840821872182
"016_1_52758946104_o";1,72314754677443;-0,107398190142623;-0,275543916915027;-0,653874256636796
"017_1_52759103340_o";2,66500147131264;-2,20354324096126;2,0235761389676;0,147000552697474
"018_1_52759182328_o";1,11383553849088;-1,04674885573622;0,179500924350654;-1,09540771638209
"019_1_52758946139_o";0,373938120372541;4,22129605882455;0,393472978048295;-0,629407596584448
"020_1_52758154347_o";2,76416853269221;4,42110425491548;-0,130357497933075;-0,533795418851943
"021_1_52759103440_o";-0,406164682672771;-1,78598008668278;-0,744240438162245;-0,583287124477736
"022_1_52758697351_o";2,74227394493507;-0,551860243530737;-0,353711086243938;0,755741898331201
"023_1_52758946194_o";0,180648967964582;-3,20098766684879;-0,449225248537023;-0,627960661645104
"024_1_52758697366_o";2,18838202921876;5,75176235150825;0,263382604536295;-0,618067564395967
"025_1_52758154422_o";1,98309710135993;-1,97898678878754;0,120137626279299;0,769160666500889
"026_2_52758697421_o";2,88787796996643;3,34735191283595;0,266158918291425;-1,41826518469906
"027_2_52758697471_o";-1,45269799255441;-2,99828474470902;-0,141391646226846;-0,638720962312863
"028_2_52759103595_o";-0,724893581105883;-2,27048739982101;-0,39653093622005;1,27858588848904
"029_2_52759182498_o";3,67467965993229;-1,36397224394257;0,510674613264932;0,0887343364236487
"030_2_52758154492_o";-7,83558876737259;1,48898422472257;0,608229595327469;-0,733267546095463
"031_2_52758946379_o";3,82810496036233;1,71903434393346;0,26614370107976;-0,0518756154324611
"032_2_52758697576_o";3,70089447822399;-3,13709520949237;2,06675164575761;0,544707268827961
"033_2_52759103705_o";0,667866776493217;-1,43465587947498;-1,04226097244336;-1,24400349838846
"034_2_52758946419_o";-8,77723134364065;2,35762854798735;0,209839429315353;-0,173847609526209
"035_2_52759103745_o";0,439843533687056;-1,91198904854768;0,0920799491032714;0,193265544970692
"036_2_52758946474_o";3,50600160534607;1,07856647270602;-0,736890584703409;0,130824116350623
"037_2_52758946504_o";1,16493252171977;6,79165032772086;0,946236572435477;-0,0740626762013243
"038_2_52758154667_o";2,61851105120219;-2,15021922485558;0,621600422227607;0,343916025475325
"039_2_52759103815_o";-6,97596139864733;0,933383928667086;-2,06678312397307;1,70867039828798
"040_2_52758697711_o";1,3097480251434;-3,83365892065952;0,504521873023835;-1,18689888140524
"041_2_52759182708_o";-1,42039442428076;11,0469395334334;0,724690706010375;-0,0734214997556739
"042_2_52759182738_o";-2,20668631962401;-2,14916147098705;-1,47013961048344;-0,0214880078410547
"043_2_52758154742_o";0,522509630374751;0,174155126958311;2,10882078256186;0,906707432099603
"044_2_52758697796_o";0,801656710212721;2,54812499176367;-1,73175359573361;-0,536288204518083
"045_2_52758946619_o";-1,65858818674733;1,15282293476363;-0,740865813392826;1,29993638695304
"046_2_52759103955_o";-3,76726075180078;-1,40077514895277;0,371810242487344;0,755998726685069
"047_2_52758154817_o";1,57499922583539;5,25289830525357;-0,0545239644865612;-0,219822142073841
"048_2_52759103995_o";-3,38140312074111;-2,97877310054328;0,269379384594103;-0,62343222844631
"049_2_52758154867_o";3,41760216680584;-1,82739726092758;0,209679313700544;0,626734549790311
"050_2_52759104050_o";-2,69547669900176;-0,981845945057309;0,426229573901798;-1,87144049254342
"076_5_52758946754_o";-6,53199932509321;-0,946675410349138;-1,11861850891554;-0,916652059278601
"077_5_52759182978_o";0,32828574251501;-2,21629682896734;0,189449494024585;1,25306583467848
"078_5_52759104140_o";0,0251659409021718;-1,96754154703258;0,724842261009951;1,3935434571521
"079_5_52758154997_o";2,62619395324507;-1,60681655032597;-0,555301317282983;-0,846424038447582
"080_5_52759183048_o";1,31075240715285;6,00367140838109;0,139655302679034;-0,99368755184634
"081_5_52758698036_o";0,829340635263586;5,40155786244939;-0,674655500539395;-0,6670610525323
"082_5_52758155067_o";2,96121690019368;0,625550678834014;0,392042378374811;-0,0393688806356452
"083_5_52758946914_o";-2,68106545709032;-1,11581550565325;-2,14995808263766;0,84368502571032
"084_5_52758155117_o";3,50950730217726;0,175247821236021;-1,9414663178402;-0,0754136964310111
"085_5_52758946989_o";2,66545380714645;2,58682177087867;-0,441444930742012;0,0614104866509463
"086_5_52758155217_o";0,453162749413003;5,33318811271081;-1,10874583679084;-0,891004604398195
"087_5_52758698151_o";-0,712543971897886;-2,36918285400816;-0,721510967493938;1,01368802766525
"088_5_52758947049_o";-1,38816620595416;-1,99329856821507;0,732932095680011;-0,486203699789093
"089_5_52758155287_o";0,731277854216663;-2,00374475431283;0,0434736554272161;-0,121330260190719
"090_5_52758947109_o";2,69132466191071;-1,14551489765284;-0,767253982784092;0,0775202703198324
"091_5_52758947134_o";0,811167084433068;-0,308454289562311;0,717053223978189;0,323998893301812
"092_5_52758698286_o";2,39036123617314;2,57247431364427;0,0177719950559471;0,847660017498063
"093_5_52758947204_o";2,78132515764486;0,00965031330578354;1,24198386726014;0,115184829141202
"094_5_52758155457_o";0,208421575352349;2,38877375160242;-0,920040088039109;0,123160782206977
"095_5_52758698391_o";-4,73985244374722;-0,0960170403634892;-0,0674066226891811;-0,684762873847696
"096_5_52758698416_o";0,242518230788041;-0,634172524196204;-2,20347891361524;-0,247788577106333
"097_5_52758947329_o";2,21831854744686;5,29436159335036;-0,273312513323843;-0,709337381123729
"098_5_52758155582_o";-1,00488406624426;10,2295416566517;-0,477487826709392;-0,211351853659918
"099_5_52759104705_o";-4,46954859548549;-0,0419286019254055;-1,82931075354181;1,90514065598533
"100_5_52758155662_o";1,87382297165316;0,371444769110219;0,161231915752402;-1,56110469982373
"101_6_52758947469_o";3,60142806608412;0,36606126854652;-1,53369958720661;-0,0573811314004235
"102_6_52759104810_o";3,67071467436568;-0,242865748571859;1,16292427409362;0,810424690297213
"103_6_52758947499_o";2,85398234269621;1,84312077086858;-0,4656674721907;-0,271909344575177
"104_6_52758698641_o";1,96402734685545;5,61029989935551;0,203595691211071;-0,565610590359814
"105_6_52758947564_o";0,906610132129336;6,14040026480539;-0,30377701654453;-1,00081078591734
"106_6_52758155832_o";0,420240248589888;-2,45474055390102;0,368148056838287;-1,45978310879732
"107_6_52758155857_o";2,56299888841243;1,20343341324806;0,372058090609807;0,220479092955246
"108_6_52758947654_o";2,13278703803696;0,120100368886155;-0,415660778539745;0,442594475536962
"109_6_52759104990_o";-4,49279295723852;0,684532091818345;1,93389497457006;-0,600556725964263
"110_6_52759105010_o";-7,84420816456808;0,0925527285059454;0,528011091161603;0,327410982580691
"111_6_52758947714_o";0,0632504209257748;7,75625095157;-0,641105410343423;0,205492737571408
"112_6_52758155982_o";1,30188493493623;5,61067255634615;-0,475513624988265;-1,15598189601126
"113_6_52759183893_o";2,71474164550258;1,45487017366082;-0,1270584105906;-1,26775898596135
"114_6_52758947809_o";-4,57920327989333;3,79237148771971;-1,97701417830924;-0,48883452129166
"115_6_52759105120_o";-3,15181325436578;-1,33450063002228;-1,46525638859585;1,25926253946091
"116_6_52758156082_o";-3,9267817248654;-0,0294231706118086;-1,77251186795197;0,269334221313359
"117_6_52759183968_o";-5,41827088208992;-1,21512867890837;2,44946259209647;0,366363654366824
"118_6_52758699061_o";1,13320148629256;0,388008424546538;-0,585539803984576;-1,86464868734686
"119_6_52758156172_o";3,08824716321379;1,66165174722437;-0,243335642516197;-0,408161829611667
"120_6_52758156237_o";-2,69837805411396;-1,44768364082751;-1,62610181879258;1,44725003759922
"121_6_52759105275_o";-0,029089342223534;-2,896880963457;1,14423706624319;0,214990877642707
"122_6_52758156302_o";-1,88774876868906;-2,07403881358362;1,75698237859824;0,892244528801568
"123_6_52758948059_o";-3,8294761090121;-2,18050988952286;-0,13049827591106;-0,463940291022244
"124_6_52758948089_o";2,77150933562308;3,95124065751127;-0,74375814044976;-0,356373568532076
"125_6_52758699241_o";-1,04587529829297;0,645074644006759;0,388954543198134;-1,71747260031475
"126_3_52759105400_o";1,90611649555148;-2,35733131121109;0,00447194164933017;0,453777215429032
"127_3_52759105440_o";-3,09371383572306;-2,82915588729237;1,57220289649496;-0,764344310745644
"128_3_52759184313_o";-3,88719565742477;-1,20370125408965;2,21578633328221;-0,449000201714728
"129_3_52758156457_o";-6,40322400548695;0,109428166805891;1,61267002993736;-0,170896128402683
"130_3_52758699321_o";-0,500853925914285;-3,61453428700787;0,938069227148901;-0,945071820044047
"131_3_52758948274_o";-0,678417260797829;-2,55665799999837;-0,429303306735525;0,973077058771285
"132_3_52759105515_o";2,09526620154155;5,114294405707;-0,16653330575938;-0,0589469596418322
"133_3_52758948314_o";2,52498237988444;-0,076310684948759;1,18469934275207;1,40838663325197
"134_3_52759184418_o";1,30924745569329;-3,2744951623936;-0,366413103814123;-0,0986386668163423
"135_3_52759105560_o";1,21309559154926;-1,50110912073458;0,570215229093121;-1,7669671490685
"136_3_52759184468_o";3,67304858868167;-1,4972176527811;0,987427775750276;-0,0641390707647358
"137_3_52758156597_o";1,07044826286248;-1,94386366164415;-0,0800406432490147;0,930972731186902
"138_3_52758156617_o";1,53988503374528;-3,89605515872409;-0,750365231305149;-0,928811599535607
"139_3_52759184563_o";2,54095775022461;0,502234233047859;0,120462303772102;-0,45408573837385
"140_3_52758156657_o";0,515359460600634;-2,21634873008449;1,21320790196933;1,45631903434198
"141_3_52759184608_o";-7,56658073273644;0,376355792948717;0,623222934349427;0,450860684924655
"142_3_52758156692_o";1,51654956329321;5,24328284501115;0,852719173869964;0,237705746269064
"143_3_52758156727_o";-2,72008937689034;-2,50646715103083;1,15294852053542;0,619027691866749
"144_3_52759105795_o";-1,27867575867371;-1,67903967887876;-1,07997690856422;1,83600620212067
"145_3_52759184733_o";-6,44753405268958;-0,985083091023556;0,32382949628719;0,186638971966585
"146_3_52759184773_o";-5,67681427777963;1,45268848873309;0,726742539534972;-0,381365119360374
"147_3_52759184808_o";-4,25374310482127;-1,07780981436314;1,44051507660322;0,964147898920015
"148_3_52758156837_o";0,842091485310364;-2,45304843962083;-1,77863440572854;0,723932120194184
"149_3_52758948754_o";-1,16446367837364;-2,69378141905348;0,870839533562535;-1,43781643330697
"150_3_52758156887_o";-0,283421785660521;-4,11017206635709;0,510759359160762;-1,43256376930709
"151_4_52758156912_o";0,568318436786327;-1,37179704436916;0,0302746906981026;-0,195243925834281
"152_4_52758948869_o";3,13043368639188;1,10789865389247;-1,61946259779747;0,0480801885231794
"153_4_52758699881_o";1,01282542598435;-2,48910930078731;0,512750064666521;0,0439605137361783
"154_4_52758699911_o";1,60869965822131;-1,63766829249898;-0,414064170910767;0,691220784960793
"155_4_52758948984_o";3,22844779649308;-2,08356913534913;-1,40184892736464;-0,241228025732526
"156_4_52759185083_o";-1,14003248958836;-2,32667890123865;-1,29059437263382;-0,963410331717914
"157_4_52758700006_o";3,5776806490344;2,29565821872614;0,355491690852007;0,353163145156709
"158_4_52758700026_o";2,46654718472857;-0,371496614766766;-0,436887060665431;0,0214982033401887
"159_4_52758700066_o";1,02886498734275;-1,1304191170572;1,97718444280516;0,437080610409943
"160_4_52758949109_o";-1,46804612330301;-1,09363474422354;1,68176580904221;0,073342618866149
"161_4_52758700101_o";-7,29635586735581;0,478760621030828;-1,48303295519417;0,716718447334695
"162_4_52758700116_o";-1,32885184558858;-3,99799587007728;-0,0146746870590407;-2,16946752613316
"163_4_52758700151_o";1,56200449833952;-0,0679102367849805;1,09208846451212;-0,325849320410028
"164_4_52758700171_o";-3,67124154526142;-1,71740274039983;0,103311210075324;-1,43722111594889
"165_4_52759185283_o";1,22698539591594;-2,56850550833343;-0,601153818484923;-0,394847562331684
"166_4_52758700216_o";2,15510407721959;-2,52076514551195;-0,541519415324378;-0,740057359994116
"167_4_52759185318_o";0,490130181062656;5,98490786053242;-0,351591186966939;0,37881322263199
"168_4_52758157287_o";-0,277223189837931;-2,12687803177013;-1,87036440651031;2,17321175182093
"169_4_52758157312_o";0,740845625000105;2,86093692730371;0,717526773768114;-0,200582092692911
"170_4_52759185398_o";-0,229464026373092;-1,70021197322446;-1,96827716219325;-0,643686527913171
"171_4_52758157352_o";-0,109163427995821;-0,806666814806957;2,23656823197449;1,28735228328807
"172_4_52758949334_o";0,391280892788542;0,417794402082877;0,941348107434461;-0,032766238379162
"173_4_52758949359_o";3,33107870838481;-0,651903564921493;0,320117422036033;0,0280062110853674
"174_4_52758949374_o";-0,469308596152896;-3,12058573071806;-0,44560954549914;-0,23993455048084
"175_4_52759106570_o";-3,34363860766981;-0,365869524303434;-1,87834554415276;1,35368670780353
"176_8_52758949424_o";2,54589553776702;1,64037072330697;2,34553635886302;0,78313569139803
"177_8_52758700446_o";3,00340782825062;-0,150508022568813;1,77667971827108;1,09481163870663
"178_8_52759185648_o";2,65051773807107;1,80117159519989;0,633491571533744;0,566980086564285
"179_8_52758949524_o";2,58250303894692;-0,281803529883287;-1,49330558819786;-0,332768245789005
"180_8_52759106725_o";-3,54312843411573;-0,471876567527623;-0,455496536535576;-1,22574065215301
"181_8_52759106745_o";-0,356419729838686;-3,48943833933038;0,574425888197183;-1,17087621459142
"182_8_52758949599_o";3,02011835959222;1,68285741695168;-1,08755650019571;-0,186209740276627
"183_8_52758949624_o";0,739809328591788;-1,82672532752561;-1,32624466853432;0,842442668000347
"184_8_52759106845_o";0,482473117444847;-1,15138716816871;-0,832009419536642;0,455675811139787
"185_8_52759106865_o";3,25711127972571;0,972036906123761;-1,48018908862604;-0,358199615399076
"186_8_52758949669_o";0,117881395101918;-2,16812486401329;1,04862615313977;-0,0204737814625975
"187_8_52758949709_o";0,945516568912819;-2,11498544743889;0,311746662291455;0,324191790542835
"188_8_52759185898_o";0,126042849774769;-1,29342177237803;-1,73931293579224;1,0328847765418
"189_8_52758157817_o";1,34261567908835;5,83033539250452;-0,155130574616287;-0,659794464589954
"190_8_52759185948_o";-0,237617892636984;0,322029495224246;2,88114199027743;1,08428785575341
"191_8_52759107030_o";-0,871330264064451;-2,90189454787159;-0,261240092414188;-0,664220512811247
"192_8_52758157897_o";-4,52519896166618;-0,111762092929388;0,215305222320626;-0,495944844282092
"193_8_52758949799_o";2,7375053304591;0,191701598066611;-0,120415799273708;-1,14230500866027
"194_8_52758157992_o";0,181408244665986;-0,759338759835141;-0,665734554312131;0,703046092376255
"195_8_52758700891_o";1,09617913974679;-2,5092514079391;0,569533817502313;-1,28851036497765
"196_8_52759107150_o";1,08804083461507;0,0402899979290095;3,80049334084925;1,17221134050327
"197_8_52758158087_o";-6,42142444295989;0,369995033853496;0,954153588077038;-0,0919649254110683
"198_8_52758700956_o";-0,0327045983552044;0,349006072197398;1,64674995489627;0,37697868998069
"199_8_52758700981_o";-1,60584404596583;-2,2348676685678;-0,503528596582392;-0,109818754212411
"200_8_52759186178_o";-2,07505510923506;-1,2458528052568;0,863543267012484;1,08485660593018
"201_1_52758949939_o";3,88750392422444;-0,122600413184507;-0,589450344536198;0,138124137534916
"202_1_52758701051_o";3,58227115206053;-0,429395067623811;-0,270929070969124;-0,0960299641963894
"203_1_52758949984_o";2,93249191144638;1,57672208651248;1,04652410264166;-0,206010545195492
"204_1_52758949999_o";2,73782330371435;1,81948298661148;0,000349681280940426;-0,202451069521877
"205_1_52759107350_o";0,399678144986406;6,57916343539786;1,19632471891604;0,583325235819577
"206_1_52758950029_o";2,72232488079466;-1,29653686169142;1,30956831094159;0,0762414883068905
"207_1_52759186283_o";3,03860470415302;-1,18269510412114;0,706746329165824;0,320476338705706
"208_1_52759186303_o";3,35725503628186;-2,53244950369748;1,82949042361506;-0,247689590551051
"209_1_52759186328_o";2,0190319745319;-0,418208419550236;-1,30291629985727;-0,0333094517078854
"210_1_52759186343_o";1,98358020316655;-1,49731353547453;1,26166156964271;0,918259797650194
"211_1_52758158367_o";-6,9628388454511;-0,595892303688952;0,840267174688717;-0,174594252074651
"212_1_52758950149_o";0,376882585688651;-2,75886560492671;-0,899484199211796;0,491741634848473
"213_1_52758158382_o";3,52754124127144;0,182980818243713;-0,0861816084528565;-0,49572196697203
"214_1_52758158392_o";-1,48139057743868;-0,943094686190447;-0,189317515700453;-1,81009623141456
"215_1_52759107645_o";2,81669805781122;3,89110377478019;-1,11816654625638;-0,0915056005276252
"216_1_52758701391_o";1,22993280702817;-2,55588903381915;-0,585515809941795;-0,862578973890135
"217_1_52759186498_o";0,69266598298892;6,51412609256962;0,795034885138447;0,77834531769153
"218_1_52759186513_o";1,05923067018112;-2,81576915190287;-2,50020251533776;-1,22639507796213
"219_1_52759107695_o";2,98991829675585;3,47721706693507;0,672789321444584;0,0492620244263083
"220_1_52758158492_o";-3,43858950557614;-1,86480978322686;-1,37150446151701;1,65568172471586
"221_1_52758950374_o";3,33352175949825;-1,53361445203141;1,23884577798283;0,0185432428856167
"222_1_52758701496_o";0,671627436201207;-0,120679049378484;1,3669165401106;1,88498249492479
"223_1_52758158547_o";-6,63611096390071;3,25878225229649;2,19425874961704;0,769730373906768
"224_1_52758158557_o";3,27264132205006;0,534039300611926;1,85289045955147;1,06298225899209
"225_1_52758158572_o";-0,163528576191749;-1,02619199059122;1,03801035034783;-1,2434991663309
"226_1_52758701581_o";-1,00581155797633;-0,876280263198681;1,89766658209318;0,866069850431375
"227_1_52758158597_o";-1,00931678085209;9,96436755692116;-0,0546965725396487;0,165886595134698
"228_1_52759186683_o";2,32572394329655;-0,224435294352655;-0,41574221710649;0,123613970894679
"229_1_52758158637_o";1,31186807974832;-2,46545283741672;-1,21615200370601;0,862893123490236
"230_1_52758701661_o";-1,84792592698147;-1,95822246046466;-1,55046661376204;0,414050854463413
"231_1_52759186728_o";-4,09785088246499;-1,76450245129439;-0,0335971477686763;-0,981597725031006
"232_1_52759186753_o";0,824295699740825;-3,97474635669347;1,08982493532661;-1,18741915220159
"233_1_52759186778_o";-3,62963309918181;0,382812067163751;-2,10675449520658;0,857188578388833
"234_1_52758158717_o";3,38002884710459;1,96778816599806;1,05536730716874;0,769838026948668
"235_1_52758950564_o";2,69716373074927;-3,28831265856393;1,7329446159504;0,205403024731285
"236_2_52759107970_o";3,00213623683627;0,259608858669254;-2,58042139249004;0,166241192788973
"237_2_52758701736_o";1,16810038496511;-2,95607314292912;-0,596104218906844;0,397260900701365
"238_2_52758701761_o";3,60332125046089;1,63842918102292;1,1031045084192;-0,152704805069291
"239_2_52758158787_o";-8,88370403675945;1,54912111165033;-0,176218116452825;-0,667497290148285
"240_2_52758701776_o";-2,01695001540526;-1,7209290447503;-1,64842416524947;1,86176732011133
"241_2_52759186863_o";1,36528800122156;-2,05180837480868;-0,0736755044851224;1,45404244305514
"242_2_52758950669_o";3,63687164498361;-0,279343732836862;0,866190875959636;0,297317852122749
"243_2_52758950684_o";2,8297092277929;-0,848820168222963;-1,28560823880957;0,00881874645561498
"244_2_52758701846_o";2,9260036037966;0,223215948947608;-0,364303946752254;-0,584059062176095
"245_2_52759108145_o";-1,1294487516603;-0,887878209852528;-0,675819684287462;1,12672149199777
"246_2_52759186948_o";-1,54860052297129;-3,4057344614243;0,387972802983375;-1,01034411642867
"247_2_52759186978_o";0,634907436121254;-2,60173328885731;-1,47887368199743;-0,839435611782619
"248_2_52759186993_o";2,64884759967956;2,60674573454778;1,11963504317982;-0,51330560012287
"249_2_52758701941_o";-9,39393140475809;2,31063942966518;0,880677058946843;-0,716259472148793
"250_2_52758701971_o";-2,21912774798038;10,8262882665366;0,373349225437428;0,311105233390644
"251_2_52758158972_o";1,35099943332059;-2,1763271291532;-0,314859795322699;-0,385647410285149
"252_2_52759187078_o";0,571790600688632;-2,63284606395455;0,283312041036727;0,314780001251957
"253_2_52758702011_o";-8,06764776138474;1,43029067443958;1,19700601744158;-0,705374370051949
"254_2_52758950869_o";2,2632394191343;1,1020292465247;-0,717320569924678;-1,37053438645311
"255_2_52759187118_o";-1,0648903318623;-2,05143346606709;-2,08974824601897;0,520562214535512
"256_2_52759187128_o";-0,330622822279027;-2,87579616145812;-1,05131457105098;-0,319536613766918
"257_2_52758950914_o";-1,25471521268705;-2,10808953284454;-0,0836744894180672;1,03878457395136
"258_2_52759108285_o";1,65698241630476;-3,26283421258174;0,668724070803623;-1,99662109176788
"259_2_52759187188_o";0,888697050282173;7,31442246622688;0,151195042395246;-0,331112051283389
"260_2_52759187213_o";1,84449388189148;-1,97829130970994;-1,45806441261701;-1,12779837086621
"261_2_52759108340_o";0,598722481735134;-3,54052311444184;0,44610442552764;0,236241661308809
"262_2_52759108355_o";1,16122522544813;3,46361604851013;-1,04962146559032;-0,390838421066204
"263_2_52759108365_o";2,43403962039074;1,90046720657474;-0,805623888046699;0,893084988170459
"264_2_52758159077_o";-1,15550168161321;-1,87003882164178;-1,56768392099099;0,609519448030854
"265_2_52758951049_o";0,51144713945131;-2,40936696701006;-0,524539116892144;1,08419216756106
"266_2_52758159112_o";0,339190724255392;-4,04631171401361;0,873292465975726;-1,1821465124694
"267_2_52758702196_o";1,81036572664519;0,81269738317424;1,3663240488111;1,16635068771844
"268_2_52759108415_o";0,897976378272831;-2,52529905401456;1,35626155634582;0,703818048263712
"269_2_52758159147_o";-5,4173223375778;-1,03768778307764;0,694345889639665;-0,109779555144473
"270_2_52758951129_o";1,67595800873896;-2,81664966598037;0,0827330872582901;-0,534154267062116
"271_5_52758159172_o";1,51461513649183;-2,71336314113971;-0,959843462726281;1,03597420620422
"272_5_52759187438_o";-0,815990932192619;-2,79110465458541;0,278396962836041;-0,905214524855714
"273_5_52758159197_o";0,721228706722459;0,640336426635573;0,839403265928185;-1,07625291617541
"274_5_52759187468_o";0,826024652010505;0,370694159959198;0,88044665587789;-1,09120921522144
"275_5_52758702316_o";1,90324426336205;1,67742013676622;1,05354196360794;0,967233890241981
"276_5_52759108540_o";-0,0279153788483891;-1,80368222410016;-0,918621356139827;0,380201163408983
"277_5_52758159227_o";0,133361559976392;-1,90710969043098;-0,920456038517419;0,309466062317652
"278_5_52759108575_o";-2,976115646353;-1,4885326815536;0,035052689578546;0,81966209595469
"279_5_52758951274_o";0,0161686523815677;-1,40776376882393;-2,04039647734629;-0,146387099870191
"280_5_52758702381_o";2,85263706877558;-0,676869551872204;-1,63031392034935;-0,808641939754444
"281_5_52759108600_o";0,135070459543673;-1,00658534823261;-1,83892603883935;0,814593451918255
"282_5_52759108610_o";0,763288623790264;-2,05278167646654;-1,81353047601224;0,314728468431924
"283_5_52759108620_o";2,03753257672175;2,60812580517596;-0,881409496046895;0,273169799687652
"284_5_52758159327_o";-3,03422619271135;-0,259951084710434;1,04129642430046;0,115710277041045
"285_5_52758951389_o";2,04055465110841;0,970008479976255;0,323032042241758;-0,660293778200125
"286_5_52758159357_o";0,0729928954633663;-2,10510731571368;-1,73708830800721;0,370804595194767
"287_5_52759108670_o";1,33255763854559;1,05191921349885;-2,22107148898899;-0,48109253437005
"288_5_52758951414_o";-0,808090256891434;-1,8712212503094;-1,0710230069335;-0,599404018127306
"289_5_52758951429_o";-0,500087041321656;-3,15829217633007;-1,16433903882184;0,734757172707386
"290_5_52759187698_o";-1,96501049298397;1,67031279464778;-0,92329125130769;-2,38323489977117
"291_5_52759108705_o";-2,46415819749353;-3,02049686429944;0,0394290009789028;-0,996220101881319
"292_5_52758951469_o";-1,48157498610178;-2,20858793030055;0,583001631490764;-0,524849551621749
"293_5_52758951494_o";-3,58395720837795;8,17325654310014;-2,46987675250199;0,108938622923602
"294_5_52758702541_o";1,38920566724973;-1,5425619859821;0,728494383388583;1,17546341114923
"295_5_52759108750_o";0,250133134136317;8,25744910023974;0,240843916024958;-0,421713884175646
"296_5_52759108765_o";2,71124011418148;-0,13626062735685;-2,05771004669972;-0,216252982915715
"297_5_52759187788_o";-3,42801432348929;-1,61735528710463;0,268423054327098;-1,29347583808743
"298_5_52758702581_o";1,19684379666881;5,21201467098828;1,97577694289139;-0,219207986777065
"299_5_52758159547_o";1,10525006272256;7,09548994872542;-0,267581815949055;-0,0872062816973699
"300_5_52759187833_o";-2,93574072353032;-0,595571996471094;-1,25837991854399;-0,687185264241591
"301_5_52759187858_o";2,23621432932448;4,32473806166583;-1,27395610812062;-0,404913130294426
"302_5_52759108850_o";0,956142530728233;0,675587906221799;1,21265713790793;-0,369501351959958
"303_5_52759108870_o";-5,38221572000571;-1,45754982766817;0,930297318865661;-0,387556237926001
"304_5_52759187903_o";1,2157757444538;1,27520134561857;-2,56104610275689;-0,167583758894137
"305_5_52759187908_o";2,25726327409379;-0,17873638348469;-1,04507489089757;0,462065416814728
"306_6_52758159707_o";2,28889940433408;-1,92290187110685;0,684526583524108;0,38084833171038
"307_6_52758951799_o";-1,21050518071797;-1,63621907853578;0,197152070044834;-1,3684844219029
"308_6_52759108960_o";2,02615898972864;4,69595682029366;-1,2162900505222;-0,389516095285899
"309_6_52758159737_o";-0,438817155835266;-2,04988301288424;-0,937823426185456;0,578834373413644
"310_6_52758951829_o";1,09848027179769;0,521053768363207;0,944281959623847;0,995647528316984
"311_6_52759108995_o";0,295108267770766;-1,07486916586659;-2,08188058386578;0,402971113835336
"312_6_52759109030_o";0,441549486642132;2,14854004497229;1,97386265510445;1,4448388918741
"313_6_52758159817_o";1,89383852096256;2,80270782364417;-1,5947499391826;-0,394222152224743
"314_6_52759188043_o";3,19548493672438;1,9679129613637;-0,114103223130898;0,25167778180258
"315_6_52759109100_o";1,50476761772148;5,64242054152598;-0,215355353016347;-0,698635312708943
"316_6_52759109120_o";-0,36583953458449;0,14744132183187;1,0756383122156;-0,256557311780232
"317_6_52758702871_o";2,92914100826817;-1,02188175314572;0,155524454948511;0,0554122514171121
"318_6_52759109135_o";3,27016161378888;0,34022480582291;0,0541121342556313;0,929878550837933
"319_6_52758159937_o";-3,56142799482845;-1,26455097467989;0,705764999462611;-0,509756819954797
"320_6_52758159962_o";-3,24041974251171;11,3026022723649;-1,66601256418362;0,136321860965187
"321_6_52758159987_o";-7,3318519640026;0,175303347697454;-0,040463705984075;-0,875464072567624
"322_6_52759188133_o";1,97132440895999;-2,35200852857299;0,341844573812719;-1,61956359101876
"323_6_52758952044_o";2,91297679550957;1,70470989545102;-0,365972720019052;0,791605463738136
"324_6_52759188148_o";2,43901532529792;-0,0335379644241131;-1,04975661572726;-1,23104146360919
"325_6_52759188178_o";-1,07299369386448;5,63883437218911;-1,21530452747479;-0,564678223224235
"326_6_52759188193_o";1,90427062601898;-0,206900855499691;1,34282905965285;1,42869459054062
"327_6_52758160042_o";0,0247711349733448;0,772556406889243;0,0375625056361669;-1,95498948111948
"328_6_52758160052_o";2,29475153896084;-1,62028465800164;-1,21994352641081;0,0879181448278348
"329_6_52758703006_o";0,91014961618973;7,37998976870148;0,165026857568156;-0,416752780144918
"330_6_52758703031_o";-8,62737503471111;0,921401172580185;0,335608904190989;-0,12418568777983
"331_6_52759188313_o";1,99244049070772;0,665119636993494;2,28842842774157;0,215953597758728
"332_6_52759109315_o";1,03880082686344;-1,2449393245039;0,464231587629709;-1,54380425587699
"333_6_52759109330_o";-1,77884177730326;-1,64517673750835;0,468374575758075;-0,276642914990031
"334_6_52758952239_o";1,90900874742447;-2,13188181672259;-0,0797672700608775;0,912654271783871
"335_6_52758703106_o";3,00376167634426;-1,13875118951648;-0,990998079315098;-0,231516604183747
"336_6_52758952284_o";-0,479142911943414;-2,42903447793555;-0,698587150416236;0,491373401607023
"337_6_52758160177_o";-4,33625629955382;-2,24765583829183;0,40973842389073;0,267424819198475
"338_6_52758160192_o";-2,29231553744286;-1,43936489833226;-1,28368200200764;0,0450401843791615
"339_6_52759188443_o";-0,944244674146231;-2,40714100976704;-0,207923353704841;0,0813671937834788
"340_6_52759109440_o";-2,38054157568978;1,18792170014226;1,92548635884926;0,57523002244336
"341_3_52759188473_o";2,77609156074142;-1,39320517196996;0,111675492638345;1,22324964067631
"342_3_52759188493_o";2,37320538110207;-0,996237539714916;-0,142558585110836;-0,551373901762074
"343_3_52758952379_o";-4,03689275371521;0,256882099463529;-2,14904046859544;0,636503969434043
"344_3_52758160292_o";0,718605814545335;-2,284431367644;0,227253922913641;0,730159802391493
"345_3_52758703311_o";-8,78278018310655;1,82014332376055;0,175427785122681;-0,10581086834949
"346_3_52759188563_o";-3,51397396855496;-2,10175867760546;1,07288711931065;-0,442027713668151
"347_3_52758952429_o";1,62529161742167;-0,640742547788433;-0,769295585750032;1,42907505610128
"348_3_52758703356_o";2,74362711462123;1,04840182534467;-0,908480119165999;0,595633375180475
"349_3_52759109595_o";-4,20691664563416;-0,208231021224679;1,19989926906062;-0,790777923530124
"350_3_52759188593_o";3,58617673725159;-0,255037267320849;1,17615678085432;-0,191811936483463
"351_3_52759188613_o";-0,878313261410191;-1,43114574726305;1,27191972960975;0,199927483820501
"352_3_52758952514_o";1,00291512545352;0,370097539353403;-0,0898137291509427;0,621252391062387
"353_3_52758703436_o";2,52697938270146;1,30011060388241;0,635083081357457;-0,55712565315002
"354_3_52759188648_o";-2,22180132948362;-1,74718259414767;-1,08796270680489;1,9211230564059
"355_3_52759188658_o";-3,53127471080057;-2,22593044200407;0,882667264727392;-0,437787590692763
"356_3_52759188668_o";0,973707226862693;-2,88892743158742;0,478317396841165;-0,0414319794630182
"357_3_52758703476_o";-0,262134829071945;1,44442935596018;1,91143182396459;1,83574700559318
"358_3_52758160492_o";1,97430430253606;-2,77587346496614;-0,690733072702597;0,826962900061272
"359_3_52759109735_o";-2,7584869366018;-0,443920155216806;-1,62624498354472;1,23634884508675
"360_3_52758160577_o";2,29160194436043;-0,94220722019703;0,988635703312882;1,22097771152271
"361_3_52758703531_o";-1,49904705646505;-2,02165256141595;-0,264948326460978;0,759672887479402
"362_3_52758703541_o";-4,19620916724202;-0,985819975787061;0,867997000541119;-0,615757921767176
"363_3_52758703581_o";3,30541137879907;-1,66157318732641;-0,258704679498191;0,323917139615444
"364_3_52758952689_o";-2,41551293663159;-1,72141908057825;1,67003758087419;-0,738974835696653
"365_3_52758160672_o";1,15218846976747;-2,12052922355537;-0,80749160515607;-0,135594782165342
"366_3_52758160682_o";-1,12665178000306;-0,388351701630739;-1,54390044483606;-1,20902772069884
"367_3_52759109845_o";-3,00432645238494;-0,834639634520463;-1,71288419189436;0,924444563361685
"368_3_52758703636_o";2,72606252656539;1,09812668901562;1,73098171762878;0,396558493399062
"369_3_52759188838_o";1,51412935972467;1,35194984931748;1,76893746026324;0,777376794210461
"370_3_52758703681_o";-11,821445949877;5,07889970805757;0,633165184181806;0,357883703742183
"371_3_52758160767_o";0,785806754800189;-1,6389122981111;-1,4361686840236;-1,5767233955152
"372_3_52759188903_o";2,34597521134079;-0,502690644340823;2,34506163282893;-0,655819008925307
"373_3_52758160797_o";0,640882775977286;-1,84728005798849;-0,835328193451538;1,46558987040438
"374_3_52758703746_o";-8,03037608114406;0,764318575919715;-0,250760209729664;1,22779997458304
"375_3_52758952864_o";1,1072044144835;-0,477783764114956;-1,0322759589997;1,09877073541748
"376_4_52759188948_o";2,49893872021634;3,54737851572618;-0,0464083634866083;-0,0614672083366155
"377_4_52759109995_o";1,56893097137209;0,122455489498538;-0,498251555803968;-0,361627980174705
"378_4_52759110000_o";1,13353516119531;4,67621288512214;0,740828316834064;1,29112786210369
"379_4_52759188998_o";0,26311643296672;-1,6992033015909;-0,0642955897596422;-0,992644396929098
"380_4_52758160902_o";2,08333189308507;-1,41781826308122;-0,723037709468407;0,919444081249029
"381_4_52758703826_o";2,29105166274191;5,45129533594981;-0,234139846255635;-0,435735467002637
"382_4_52758952959_o";0,887371786348735;5,9484661055641;-1,16984397754938;-0,505057436482598
"383_4_52758952974_o";-0,214157866340309;-0,0945488152841937;0,294188305635786;0,494362456939258
"384_4_52758952984_o";2,76448385673253;0,214945014067313;0,051765403334196;0,22322129257023
"385_4_52759189093_o";1,27454300596759;-1,62939064397101;0,0427670036207949;-1,57018890389766
"386_4_52759110100_o";2,71427355210044;-2,20943471686836;-1,46174884307163;0,158282635170362
"387_4_52759189133_o";-1,40255143373454;-2,46250441243469;0,728365295969443;-0,905116600175965
"388_4_52759189148_o";-0,30969263097663;0,0705989390316514;0,414826771051726;0,306752663238475
"389_4_52758703926_o";3,13684995156082;-1,53693986078179;-1,22457628661662;-0,415748813962352
"390_4_52759110140_o";0,230613212713714;-1,98837962969397;0,75584281218165;0,653860564324007
"391_4_52759110155_o";2,73906805517427;3,64004843249564;0,890632960805462;0,138557264695158
"392_4_52759189213_o";-3,00128638859797;0,0712465071070026;0,000657070435388126;-2,05837001059612
"393_4_52758161057_o";2,41041658302481;1,5653534772617;0,0650225145071431;0,124278543923288
"394_4_52758953094_o";-2,86602093874679;-1,63249780320922;-1,05026519794908;-0,0173633721646866
"395_4_52759189253_o";-13,8800013190243;6,88107321284927;-1,3483408785808;0,880914148934451
"396_4_52758161117_o";2,32780257732051;2,87601070908532;-0,0490558924981107;-0,879162577528152
"397_4_52758953134_o";0,754700305552801;-1,08076396351195;-2,24485277779574;0,627214086272676
"398_4_52758161147_o";3,38761285390712;-1,74142915244678;-0,828915391705615;-1,07916723081615
"399_4_52758704076_o";3,82305289782117;0,490047799030067;-0,12858612251115;-0,27808953429404
"400_4_52759110255_o";-1,44238730732716;-1,44622643803452;-0,446618202330833;0,409033333795067
"401_4_52759189343_o";0,783460777755285;-1,74942122567581;-0,862154243364928;-0,328748720584246
"402_4_52759110275_o";1,94215784581322;1,12407683290734;-1,11541215733321;0,953220726939854
"403_4_52758704141_o";-3,5751897278737;-1,37555831463738;-0,871067387583686;-0,788398449477857
"404_4_52758161212_o";2,96802690160038;3,21756650635623;0,427381430136566;-0,28875489834454
"405_4_52759110300_o";1,24261141294992;-2,05917856809227;-0,106200472870283;0,325411872346468
"406_4_52759189423_o";-2,91085057423797;-2,27167015892654;0,744439033496302;-0,070796629980918
"407_4_52759189453_o";3,16350567150149;2,59599154560072;-0,208308940215939;-0,0251673541477036
"408_4_52758953264_o";0,992702282123223;-1,22609297882502;-0,699212685823149;-0,323607585416041
"409_4_52758953274_o";3,18659862263784;-1,95083302890373;0,113517927606577;0,0479567986599393
"410_4_52758161307_o";2,79646853227649;2,82824838949497;0,00191068056260155;0,0249130646051193
"411_4_52758161322_o";1,53437349277803;-1,99158098372873;1,82784662837791;-0,153010823968901
"412_8_52759189508_o";1,26555891039711;-0,990424272181591;1,43812521656582;0,690972048581584
"413_8_52758704296_o";1,461004789671;-0,138182205428987;1,75214783115573;1,00940999042087
"414_8_52759189533_o";-2,63764761436327;-3,01085853140131;1,2196534521603;-1,05207086722066
"415_8_52759110440_o";1,19476793661254;-0,949588956265256;-0,538920572521038;1,38135346913529
"416_8_52759189578_o";-4,49457086875861;-0,534058820496371;-1,1318518354869;1,24552900783793
"417_8_52758161417_o";-10,0247472945178;3,70543009234347;0,378301498861314;-0,813936527068682
"418_8_52758161427_o";2,52456300674246;1,06065490849359;0,267177441596608;0,903805557759003
"419_8_52758704366_o";-2,83887786381807;-2,26370347096138;0,708723773731633;-0,044547787752931
"420_8_52759189638_o";2,52156661195414;0,837884173583489;0,992307018064969;-0,361067705217155
"421_8_52758953424_o";0,153242849418364;-2,97524803790337;0,592385551869246;0,264197824847525
"422_8_52758953449_o";-1,64580287745448;-2,46187827966921;-0,261694006491777;-0,87564578389617
"423_8_52759189683_o";2,49661160326557;2,27887766120174;1,08590248222046;0,489806741387559
"424_8_52758953484_o";-0,562717290771668;-1,34579789277106;0,609875157179951;-0,598555856446085
"425_8_52759110540_o";1,04344523422787;5,36595859624491;1,44463194397955;0,823826122878431
"426_8_52758953524_o";-4,1915424222297;0,636585067277752;-1,99224446340245;1,49868640252933
"427_8_52759189718_o";-0,0849397830050636;-2,64075777384316;0,75916483167405;0,690453439161478
"428_8_52758704471_o";-4,51399781089615;-2,1275507915654;0,0578978276860063;-0,592352766241565
"429_8_52758704486_o";3,22890347378601;0,403684019939018;0,1019535068081;-0,237206402982328
"430_8_52758704496_o";-1,74306956121975;-1,02328254685986;1,93501261868852;-0,541407738907623
"431_8_52758161557_o";1,53344154507637;-0,536379202539665;-2,27600311987111;-0,469492663791501
"432_8_52759189783_o";-6,00269265860478;-0,809011625258832;1,06379077605073;-0,188546945267441
"433_8_52758953619_o";-0,28283097485419;-3,38789613831997;1,02057719402768;-0,528824655097323
"434_8_52759110615_o";-2,95132165291651;4,12440057295442;1,52004819987444;1,01776561595487
"435_8_52759189823_o";2,05161670117301;-1,1793239871866;-0,542667587582686;0,758496126874013
"436_8_52759189843_o";2,19507320112311;-3,55958702330529;0,0453200702796902;-0,495432390711774
"437_8_52758953669_o";0,644218244913845;-2,41922934889132;-0,855636666926755;-0,936246571408101
"438_8_52758704626_o";2,5665768626651;-1,63361112100434;-0,392860889718805;-0,887579694924475
"439_8_52758953694_o";-8,93512492938788;1,69083813779155;0,805954277139566;0,165862626220187
"440_8_52758953709_o";-2,88450676288569;-1,95082972274169;-0,598189431551919;-0,0187022162438319
"441_8_52759110750_o";1,10732142865738;-2,8407774041944;1,47313694283042;0,138847362370069
"442_8_52759110755_o";2,69055031757725;2,36610886838102;-0,308025186875627;0,769430322827522
"443_8_52758704701_o";-0,938232410773761;-1,88060063298911;0,0605307255913026;1,00684788932767
"444_8_52758161722_o";-2,63540413802918;-1,48259558326962;0,365471156649704;-0,685137422264985
"445_8_52758953759_o";-5,36105069172996;-0,333399585873698;0,340685802457031;-1,0638749117418
