"name";"contrast";"complexity";"self_similarity";"symmetry_v";"symmetry_h"
"001_1_52759182023_o";0,245956165041854;0,767472913630552;-0,533613108835009;0,444867722472097;0,479145990879329
"002_1_52758154022_o";0,179443290292181;0,717691513864016;-0,577124160446803;0,452319116148806;0,129062010518036
"003_1_52758154042_o";0,202645776377987;0,783675190746528;-0,581197456123596;0,250755024316743;0,18096870323036
"004_1_52759103020_o";0,280002577012602;0,717229903641887;-0,519637864540235;0,12806434636563;0,165061012879263
"005_1_52758696951_o";0,202785624653461;0,790212654887147;-0,687329669571615;0,236323387933174;0,135531330921106
"006_1_52758154102_o";0,251562755796803;0,763619314158383;-0,603413340056029;0,302776890740628;0,40150326402606
"007_1_52759103040_o";0,235768499565445;0,758827993397282;-0,883504445692811;0,590449311967895;0,299925033227724
"008_1_52759103075_o";0,213161763680824;0,83343363084233;-0,512792124414459;0,37799733115654;0,483929972832322
"009_1_52758945894_o";0,225651128333388;0,755831152164614;-0,679147029417571;0,551583685957489;0,15737476153029
"010_1_52759182143_o";0,256293205088084;0,734623666828593;-0,728011646199819;0,533907759762527;0,0906795165959531
"011_1_52758697036_o";0,219172368132028;0,693794121840931;-0,727578636288866;0,455991841458425;0,127379974707322
"012_1_52759182198_o";0,232970403068707;0,765158820501294;-0,424016176716436;0,222468385087855;0,574683408328749
"013_1_52758945999_o";0,192625310715729;0,690083114008058;-0,637562839230018;0,14168473008856;0,201551648617863
"014_1_52759182243_o";0,193254071982033;0,829298473302737;-0,590275530829303;0,357127534617438;0,361450673312312
"015_1_52758946069_o";0,222300610901908;0,830714722465917;-0,525119091556703;0,0822911867801771;0,0547632953117941
"016_1_52758946104_o";0,264387729744358;0,782996067854286;-0,552203777879947;0,623738845341092;0,571790119565331
"017_1_52759103340_o";0,221439617050598;0,6781706701082;-0,634957045111274;0,461367519363734;0,225516695169577
"018_1_52759182328_o";0,234151951563888;0,81756003953897;-0,580512731192954;0,111895966872406;0,199657724270354
"019_1_52758946139_o";0,263092696295826;0,790270658265844;-0,593550912743033;0,295848033871161;0,0552930451339038
"020_1_52758154347_o";0,239117505252509;0,858399251756415;-0,529638635109213;0,359735975498066;0,276720965121825
"021_1_52759103440_o";0,239717967919888;0,81113254013713;-0,724602830258407;0,380061168003013;0,266749546674078
"022_1_52758697351_o";0,195390877395629;0,743782158644074;-0,613510672076175;0,151603078456342;0,233402990003558
"023_1_52758946194_o";0,208965102288064;0,771221381978834;-0,435040819085607;0,341544778166698;0,252093659784009
"024_1_52758697366_o";0,21429329064546;0,789405441200283;-0,426218934707748;0,411991341902429;0,367784270007689
"025_1_52758154422_o";0,194681786142309;0,754410069386542;-0,616998966765571;0,320478998134589;0,183920231368242
"026_2_52758697421_o";0,255319888452513;0,810459459263502;-0,690118368577228;0,0333759715426073;0,304214073798424
"027_2_52758697471_o";0,245600643215205;0,748218208710657;-0,751289621334978;0,0950284355024444;0,398571908097712
"028_2_52759103595_o";0,197532573948911;0,619047101160309;-0,674408486886884;0,605488930719217;0,084857753455812
"029_2_52759182498_o";0,256283915272454;0,792850600214129;-0,546280471406722;0,327312312056942;0,156047873151351
"030_2_52758154492_o";0,235841134118406;0,768539934117829;-0,769580865216674;0,16322083612465;0,177226071971667
"031_2_52758946379_o";0,266500882254117;0,778064572261334;-0,499014712804714;0,434056710269139;0,386453400319786
"032_2_52758697576_o";0,227809404374147;0,760293787113099;-0,67732028127084;0,401641618979252;0,0506678109894585
"033_2_52759103705_o";0,305799091487938;0,753544852320981;-0,734310135936736;0,366992780717139;0,423298923139917
"034_2_52758946419_o";0,158352625391187;0,673164253484432;-0,583942171568481;0,292228142059486;0,159485231600021
"035_2_52759103745_o";0,209413446154672;0,771426810611718;-0,764742201470666;0,144323057892467;0,113545719363617
"036_2_52758946474_o";0,230528683383596;0,712885692258241;-0,493633144696444;0,649687443934949;0,425733795750042
"037_2_52758946504_o";0,22308266779286;0,821933252611965;-0,512417553380832;0,222602357142388;0,174335995775325
"038_2_52758154667_o";0,204748058427692;0,703544731480609;-0,494430119576943;0,23981697465374;0,19345271986129
"039_2_52759103815_o";0,191971733975591;0,680925830596299;-0,390021718995059;0,330132025266484;0,235748511653369
"040_2_52758697711_o";0,197074830099045;0,790676681916722;-0,570770446341388;0,0832528733852576;0,313590167004853
"041_2_52759182708_o";0,255519282373947;0,745971786189879;-0,543767130086863;0,563309278600251;0,230442363423989
"042_2_52759182738_o";0,223047729001942;0,76744632874865;-0,523144050257492;0,331861654372654;0,335122284113945
"043_2_52758154742_o";0,237349950430317;0,725190867368024;-0,489643432820115;0,257620460164173;0,146691295442999
"044_2_52758697796_o";0,297199597362803;0,819033083677124;-0,355850105447167;0,372717949895147;0,413541118038549
"045_2_52758946619_o";0,285535217661716;0,698902044377418;-0,64356317839239;0,631871736592477;0,153603309407917
"046_2_52759103955_o";0,162216871028677;0,649750222950487;-0,722927430806808;0,226934118293885;0,365565438630604
"047_2_52758154817_o";0,280270837301614;0,785163944133079;-0,584827227420424;0,296141963596714;0,236309988978652
"048_2_52759103995_o";0,232464243839746;0,731832254228809;-0,38152726022392;0,215477267001309;0,170392282504701
"049_2_52758154867_o";0,274036502880233;0,713812537913667;-0,620688566792171;0,500935775471844;0,336699714105898
"050_2_52759104050_o";0,262437718914155;0,76265138277638;-0,537584885939054;0,335009163039514;0,451571772617677
"076_5_52758946754_o";0,197305751702051;0,718114455167013;-0,0837951901378832;0,460443638476908;0,341485411138268
"077_5_52759182978_o";0,184993451962825;0,697286408599968;-0,417707060815087;0,479349502780205;0,124288513597574
"078_5_52759104140_o";0,243198228076925;0,635114037059325;-0,671673389565395;0,695893135598166;0,448997076131231
"079_5_52758154997_o";0,215803244882488;0,743668568694126;-0,610370239712836;0,168786466968323;0,0870628167306251
"080_5_52759183048_o";0,234980995019709;0,870515915885434;-0,446473129216011;0,207120926775153;0,194995040381157
"081_5_52758698036_o";0,246122645670561;0,886576809765836;-0,468630825399654;0,0577444715193133;0,487973777115401
"082_5_52758155067_o";0,277720628970871;0,863165196039336;-0,563620766820227;0,221111909847461;0,217935803735291
"083_5_52758946914_o";0,232766791700956;0,632958244817761;-0,363418229588568;0,34829267131677;0,211497855695368
"084_5_52758155117_o";0,234574868997667;0,753096534539804;-0,553381930060602;0,309355551168274;0,470909482467977
"085_5_52758946989_o";0,195019947046073;0,877843676060797;-0,399694472119154;0,235224483599459;0,192727439394093
"086_5_52758155217_o";0,219620117463758;0,865942107794446;-0,441816323055909;0,281559327398897;0,0327982264866374
"087_5_52758698151_o";0,19305880126256;0,690116949312297;-0,691932369749917;0,128308728740957;0,176514587608283
"088_5_52758947049_o";0,1771224944123;0,607858491090439;-0,711414428365992;0,404895600922758;0,365183979055905
"089_5_52758155287_o";0,263554102470179;0,712259739129804;-0,330823227904919;0,160139319717261;0,431136841454601
"090_5_52758947109_o";0,226782476218545;0,692555508025009;-0,637755360585309;0,404397126391195;0,181906918542656
"091_5_52758947134_o";0,257046241003223;0,79298231621992;-0,456757469734271;0,514276133567157;0,552787263673421
"092_5_52758698286_o";0,218964896508361;0,745965744171265;-0,399937766742636;0,675765876530741;0,393739162281722
"093_5_52758947204_o";0,22502215420177;0,851436429505352;-0,604858451605946;0,180371863524959;0,142236778233773
"094_5_52758155457_o";0,254740784470743;0,858017396179994;-0,417620228497869;0,162111320748598;0,296097872971298
"095_5_52758698391_o";0,22232336812678;0,78407879758996;-0,46736388613233;0,243176985240008;0,191047656130984
"096_5_52758698416_o";0,282416842546327;0,737480333229411;-0,702334010422287;0,244825096505556;0,343067404942038
"097_5_52758947329_o";0,22793589642964;0,87760320371995;-0,417387417061128;0,131124959299353;0,236021277057656
"098_5_52758155582_o";0,194838044129222;0,823989955748256;-0,366393430011366;0,416666327249763;0,230074401224644
"099_5_52759104705_o";0,182663068764775;0,612244996604386;-0,666820018464336;0,695928985561096;0,329292207455414
"100_5_52758155662_o";0,230860219519727;0,742647467548318;-0,53779694586361;0,254037773642392;0,509854889656799
"101_6_52758947469_o";0,221323329628078;0,773391675065073;-0,539854621845478;0,170922680634379;0,0692817540432369
"102_6_52759104810_o";0,244498092347312;0,711423523753592;-0,509166117442545;0,349536628366782;0,0705967519773794
"103_6_52758947499_o";0,271172447997306;0,715739941851613;-0,52214851114821;0,379908177593026;0,360834709361402
"104_6_52758698641_o";0,241833448517077;0,790379414600901;-0,402794614322395;0,369131999105068;0,0984081011645083
"105_6_52758947564_o";0,250153378907146;0,852128844838545;-0,366762473928194;0,235476384930501;0,195257793222379
"106_6_52758155832_o";0,262483522717261;0,803984832116471;-0,382382131424999;0,0948359052832367;0,0829552107697936
"107_6_52758155857_o";0,214530914031516;0,703550773499223;-0,587132690318616;0,329321939897837;0,440938050215011
"108_6_52758947654_o";0,222681899594307;0,775752895939522;-0,459878002847953;0,503078840399835;0,417286578039155
"109_6_52759104990_o";0,190367690971208;0,693215296457685;-0,66660579897343;0,161733416966914;0,118121127920597
"110_6_52759105010_o";0,211765834350658;0,722036933651385;-0,527004468937198;0,518412422208891;0,203069151520994
"111_6_52758947714_o";0,26117319559699;0,727909775744437;-0,373222905668416;0,521499140572273;0,194159907881558
"112_6_52758155982_o";0,235220198335689;0,867624205776653;-0,431060150668794;0,262819487735816;0,155320240441686
"113_6_52759183893_o";0,232340176733108;0,864974176412443;-0,299373257456484;0,359127259228379;0,478570505420705
"114_6_52758947809_o";0,249670172100026;0,915528954561603;-0,432066449032659;0,108998380651937;0,114460986071797
"115_6_52759105120_o";0,200344782749702;0,733225543721255;-0,632327688372624;0,298760898248873;0,189074595412392
"116_6_52758156082_o";0,247247404476442;0,84903170609688;-0,516410380402682;0,247028027438092;0,113024571358969
"117_6_52759183968_o";0,226662415826314;0,765330413829939;-0,788468821054293;0,157599525008731;0,293263863247976
"118_6_52758699061_o";0,215272584040138;0,813810362786966;-0,443831289344474;0,206340990266846;0,112007504710937
"119_6_52758156172_o";0,191347663633612;0,81059842569163;-0,304829509084012;0,461225334488908;0,198765090781933
"120_6_52758156237_o";0,220028237076359;0,712622260246659;-0,591298299615369;0,31262208033233;0,217839682498537
"121_6_52759105275_o";0,20172361725752;0,733928834687954;-0,675250285366326;0,294357736735423;0,365691102380208
"122_6_52758156302_o";0,19884071916676;0,653024997039411;-0,550568046598492;0,26483622630695;0,220998401064687
"123_6_52758948059_o";0,244371939311643;0,767104350495083;-0,645766740126398;0,383839618056508;0,441345906140136
"124_6_52758948089_o";0,289156737998551;0,756416019566473;-0,411524513350437;0,148220822730329;0,319484932601824
"125_6_52758699241_o";0,22539358417152;0,786848458922732;-0,501177603385641;0,0963335811582747;0,173891458701795
"126_3_52759105400_o";0,23528114961534;0,724799344561821;-0,714442107354087;0,303891195392099;0,385767772094475
"127_3_52759105440_o";0,219141013086005;0,741718205085446;-0,726665747202353;0,155250669744624;0,171911598284929
"128_3_52759184313_o";0,227941043295597;0,723854372850552;-0,586579530417472;0,190369599439482;0,0956285286426008
"129_3_52758156457_o";0,220488280482539;0,716229345359367;-0,478024761316734;0,28591459637708;0,0633083300796114
"130_3_52758699321_o";0,241666733998378;0,777267025804253;-0,557662734290898;0,130231109376132;0,114929238657282
"131_3_52758948274_o";0,22447130670302;0,767639673344306;-0,667770568396949;0,199295563597707;0,182322074645813
"132_3_52759105515_o";0,229890357803788;0,787549333081985;-0,645895389424666;0,0414317452177772;0,181464566059592
"133_3_52758948314_o";0,186430392597067;0,689285567550976;-0,628987750268474;0,469977694881421;0,179109666166977
"134_3_52759184418_o";0,222544612427787;0,760720353627265;-0,701496254006942;0,514846894868636;0,370013255020573
"135_3_52759105560_o";0,233149311937171;0,751949759406819;-0,639639321929133;0,316610071158734;0,321574609491631
"136_3_52759184468_o";0,231293746179898;0,761973468287861;-0,482697282316791;0,496557935164705;0,401970057830517
"137_3_52758156597_o";0,219117295535198;0,786998300984366;-0,50615345889112;0,147550111980327;0,173691202866441
"138_3_52758156617_o";0,223555481483787;0,796336844954552;-0,580559561835299;0,348513931135196;0,339805441376135
"139_3_52759184563_o";0,288198564032884;0,821304882676083;-0,587643378096576;0,391192054058845;0,387814928661542
"140_3_52758156657_o";0,21937761280331;0,703161667500465;-0,664155861171851;0,54909907066762;0,259035238258346
"141_3_52759184608_o";0,17354861343187;0,673254883763646;-0,57128553153983;0,26054256083763;0,298726528598556
"142_3_52758156692_o";0,244259907987736;0,84043753881997;-0,455461133073732;0,363776897051272;0,0273548126819876
"143_3_52758156727_o";0,192472877197155;0,799456943366951;-0,525827633041051;0,25994003136168;0,292007000916385
"144_3_52759105795_o";0,233828839023636;0,609811271506565;-0,603066635095335;0,636861678400602;0,484415425988979
"145_3_52759184733_o";0,241588522684021;0,737854938383494;-0,439637750323289;0,441138698493976;0,478587225964305
"146_3_52759184773_o";0,164025230263532;0,694640004446926;-0,544069951781192;0,204361784106512;0,230412421759359
"147_3_52759184808_o";0,205097464360603;0,690695774695543;-0,548970512630686;0,288559473676234;0,376926188161029
"148_3_52758156837_o";0,25999610246662;0,591070138168882;-0,679797434668687;0,435182385267708;0,370454377316085
"149_3_52758948754_o";0,209754024652071;0,722226653035873;-0,564767032252381;0,111302289005835;0,185191081377535
"150_3_52758156887_o";0,204468451033715;0,784574243116328;-0,553161994076484;0,114488570242386;0,102132497119401
"151_4_52758156912_o";0,249061201569518;0,863562760864154;-0,479644839039456;0,327821812627229;0,124520708953467
"152_4_52758948869_o";0,268071390569932;0,705702940529619;-0,47691233169972;0,251030649351477;0,198921007556437
"153_4_52758699881_o";0,24390022024851;0,766991968948858;-0,656261697600233;0,37497941104878;0,113249646432297
"154_4_52758699911_o";0,237066609755327;0,833877115008616;-0,525078141089646;0,31416077171443;0,346078397469461
"155_4_52758948984_o";0,218106837763324;0,77086369447687;-0,583298121788158;0,150554474194156;0,162275371613681
"156_4_52759185083_o";0,243674439884729;0,675730902991766;-0,510826799006477;0,556465845546729;0,462684690587354
"157_4_52758700006_o";0,277321807755926;0,728802786095623;-0,685037159316128;0,668051867027879;0,478481555595018
"158_4_52758700026_o";0,26873315565654;0,834379810957322;-0,445741489668136;0,50566837988049;0,453287428574758
"159_4_52758700066_o";0,24088933963992;0,835187024644185;-0,455325474760562;0,475349381396011;0,427881204605309
"160_4_52758949109_o";0,244755854905912;0,892607952746581;-0,715726931891878;0,13486142067639;0,110418170646095
"161_4_52758700101_o";0,175872340259444;0,681120383595678;-0,67034867159561;0,394004112858731;0,327313193650338
"162_4_52758700116_o";0,251158366024145;0,746982011702182;-0,574315294379669;0,23395902077451;0,279595526428709
"163_4_52758700151_o";0,175198237770783;0,765066981818358;-0,630238437901357;0,0913315714107458;0,0662053817201596
"164_4_52758700171_o";0,253373053613342;0,774879220047901;-0,574835068060704;0,271074885534912;0,305941676471962
"165_4_52759185283_o";0,180647999522356;0,693916170616938;-0,680524618294923;0,113795107870296;0,116266325208722
"166_4_52758700216_o";0,258329788570795;0,710305750309956;-0,301071415913822;0,742406398095362;0,644695109690944
"167_4_52759185318_o";0,149543274716368;0,75945032131455;-0,563067151474816;0,133106515694811;0,122986363938735
"168_4_52758157287_o";0,259728513902844;0,589302243522352;-0,721472730269465;0,754361782434913;0,160700475855179
"169_4_52758157312_o";0,164161730826848;0,777847059591221;-0,572574526740956;0,059110212987598;0,176164803382784
"170_4_52759185398_o";0,206019087551638;0,755629348742898;-0,623247710337597;0,361048412217564;0,302346339152707
"171_4_52758157352_o";0,228735404053924;0,782088556658425;-0,722435483126448;0,489875704405024;0,197942082222208
"172_4_52758949334_o";0,232420890641823;0,828293081405325;-0,480721067483956;0,133186934100688;0,212056895100272
"173_4_52758949359_o";0,189597001693329;0,853400085554984;-0,6504583548121;0,0828864502695045;0,213865908646871
"174_4_52758949374_o";0,244181104598189;0,73484722151732;-0,685061771517551;0,13088883542924;0,462574227478453
"175_4_52759106570_o";0,224639609261034;0,642423671178846;-0,642193225324153;0,42085918442734;0,251102487249372
"176_8_52758949424_o";0,205160427735508;0,786629737848896;-0,683792534895045;0,361932513236471;0,184054996221826
"177_8_52758700446_o";0,227434526445262;0,760955992353221;-0,596116458704615;0,100679114842589;0,107874259836179
"178_8_52759185648_o";0,180240338843045;0,782664965234225;-0,661633376394201;0,255631753816347;0,0714956901303329
"179_8_52758949524_o";0,188425440068728;0,774516698931046;-0,582486610863049;0,0979163462611747;0,118226389927398
"180_8_52759106725_o";0,204306597553971;0,821387054129236;-0,550134937132492;0,320769329938543;0,233098025981476
"181_8_52759106745_o";0,229427599684598;0,773145160705611;-0,67609407627439;0,370573892645073;0,144632560706357
"182_8_52758949599_o";0,212245382840719;0,82231269138094;-0,594380739234947;0,200953907480435;0,195873387179771
"183_8_52758949624_o";0,213733374663875;0,69934794535115;-0,551649502921647;0,56667028316713;0,0735275010201949
"184_8_52759106845_o";0,275860091482059;0,67421918993448;-0,685246573486998;0,501107419104623;0,396878311739662
"185_8_52759106865_o";0,22799665158664;0,780056021596591;-0,537215976856268;0,371382257472515;0,294331229333178
"186_8_52758949669_o";0,194955895779383;0,856219291440393;-0,582853504405644;0,202958556982627;0,0736258720881646
"187_8_52758949709_o";0,217321540025547;0,825760267202231;-0,611088351914861;0,103843510214739;0,0666534170850232
"188_8_52759185898_o";0,196078465720989;0,651777924397429;-0,304115757944575;0,524251175264002;0,0408029994870064
"189_8_52758157817_o";0,218552272024013;0,770012978255983;-0,67819348867044;0,29585201319138;0,0705494965171239
"190_8_52759185948_o";0,226466369194606;0,716156841135996;-0,589721803473465;0,530395537464213;0,189211716632988
"191_8_52759107030_o";0,200277821151612;0,702801563191056;-0,614206579261475;0,128225575223284;0,128274748244491
"192_8_52758157897_o";0,160187224438562;0,71578102757819;-0,534710208946075;0,193161939198173;0,224598308459421
"193_8_52758949799_o";0,26265008321203;0,836003905560832;-0,558903479066261;0,122286422821628;0,477484376461758
"194_8_52758157992_o";0,190176901872334;0,711839214634252;-0,685506146418074;0,373840434310195;0,188974713385814
"195_8_52758700891_o";0,213362107870803;0,803551015179968;-0,593749312141358;0,0969855435220746;0,318046650641212
"196_8_52759107150_o";0,244223098156785;0,686731002080871;-0,8259987471029;0,426531876538384;0,170658190364529
"197_8_52758158087_o";0,210200065812961;0,734444823077611;-0,55182562253885;0,265303147456787;0,287068262258785
"198_8_52758700956_o";0,248187571460526;0,811978422743125;-0,843974093424821;0,201947260174808;0,251521323643026
"199_8_52758700981_o";0,255661761485202;0,730872781672866;-0,565077049730162;0,557889103699048;0,257490086572939
"200_8_52759186178_o";0,140175815688193;0,698607193869043;-0,629802729631418;0,156551102374662;0,197211232675243
"201_1_52758949939_o";0,252511569916481;0,787256899381056;-0,649125388119896;0,545724700979658;0,244248561461669
"202_1_52758701051_o";0,241069699505733;0,812552414511479;-0,692898587611108;0,116329869937864;0,163405855878703
"203_1_52758949984_o";0,234683064992199;0,887172552801201;-0,561749219128528;0,0846117604528981;0,184481851812302
"204_1_52758949999_o";0,20652312746533;0,870844601698049;-0,564876134993012;0,113120385270815;0,0910779195682101
"205_1_52759107350_o";0,258032979299711;0,778582977458437;-0,558864677979806;0,479028249175532;0,106785419532717
"206_1_52758950029_o";0,212295405146983;0,722531170774031;-0,799353148895748;0,363960382797676;0,0895672276538216
"207_1_52759186283_o";0,247001566488691;0,777883311702907;-0,534035025816783;0,209555543693132;0,236542465866482
"208_1_52759186303_o";0,206149346225196;0,814097962873004;-0,450834751497513;0,175672402864141;0,360329616441572
"209_1_52759186328_o";0,229916899926711;0,845441538636292;-0,60232425268752;0,229762667082574;0,456289528315116
"210_1_52759186343_o";0,23838611013868;0,817720757234109;-0,684706028979427;0,146646813902612;0,314434544997478
"211_1_52758158367_o";0,200328738388395;0,68343205991749;-0,430758022554941;0,361275851210567;0,299102260381382
"212_1_52758950149_o";0,228527887975693;0,720452716370729;-0,774097664545344;0,668650937896404;0,401738962852112
"213_1_52758158382_o";0,284266213346818;0,773586228064451;-0,658048217928313;0,240477069629821;0,211000081531948
"214_1_52758158392_o";0,232479132329017;0,806048785675099;-0,568710576198611;0,234912137310207;0,362776561160013
"215_1_52759107645_o";0,216961690845669;0,795631137180407;-0,443894144276462;0,395090594013235;0,403828857391248
"216_1_52758701391_o";0,267151822564776;0,813915493910854;-0,558729050051809;0,336078996525295;0,109355110296155
"217_1_52759186498_o";0,230371422048963;0,718109621552122;-0,710536223850897;0,290113644479566;0,154655899289495
"218_1_52759186513_o";0,282847496408301;0,701867467113293;-0,631635758031596;0,624572282946993;0,504084730292795
"219_1_52759107695_o";0,198840056394037;0,792958148145463;-0,450228556849568;0,12179545238738;0,125151411393364
"220_1_52758158492_o";0,232643525724618;0,769327813345127;-0,734484349446068;0,343274658252994;0,4488852823077
"221_1_52758950374_o";0,24796644933527;0,83164881854368;-0,527226418402455;0,208301475944106;0,255092599841338
"222_1_52758701496_o";0,197142472191543;0,745662434836829;-0,690367507121285;0,523074769337168;0,294227953710065
"223_1_52758158547_o";0,182752188035104;0,52230954953126;-0,643231546772854;0,305512835343665;0,305557465821777
"224_1_52758158557_o";0,247357900672619;0,760281703075871;-0,639887516639656;0,421348233050347;0,14072677042924
"225_1_52758158572_o";0,265919579285406;0,719094470586245;-0,575222988857023;0,251669045571345;0,623975312750427
"226_1_52758701581_o";0,210225133523601;0,74196592784863;-0,638021240195304;0,51913131530197;0,362153527826288
"227_1_52758158597_o";0,158394245651949;0,811171209056261;-0,512815233392446;0,203662885349132;0,141190092625132
"228_1_52759186683_o";0,17473301175686;0,815343827111263;-0,585011976050244;0,0717328154558732;0,135107506096917
"229_1_52758158637_o";0,259088181339152;0,655319755709103;-0,673319006473712;0,508071167017079;0,276627276418237
"230_1_52758701661_o";0,241636507035506;0,737131104553507;-0,639820795687669;0,497981089646821;0,345961649089779
"231_1_52759186728_o";0,193560326696564;0,79028999272541;-0,438223957697151;0,343208851778322;0,25167935906542
"232_1_52759186753_o";0,259471662157379;0,785721018249313;-0,700157060110946;0,132924205251108;0,372755677724624
"233_1_52759186778_o";0,236932902203416;0,606575166336772;-0,668508040731536;0,634719903588038;0,526033791749181
"234_1_52758158717_o";0,19660211896063;0,763428386370173;-0,704657676101783;0,358891666997916;0,256487329762384
"235_1_52758950564_o";0,203656250159799;0,616490118882758;-0,784837020829613;0,382415012602279;0,253275069227933
"236_2_52759107970_o";0,225141542763345;0,743158622323084;-0,417671164284541;0,482675241810789;0,458247069171507
"237_2_52758701736_o";0,203401138403005;0,665327755341749;-0,625778466477916;0,38265781073216;0,267936919196061
"238_2_52758701761_o";0,252765954215607;0,767576836350717;-0,609090028073929;0,172258017581644;0,0710896839595194
"239_2_52758158787_o";0,173346847724891;0,703849249218767;-0,52492034201449;0,157434917423455;0,19428070729276
"240_2_52758701776_o";0,221067848461681;0,629190442009914;-0,599624011950834;0,674391080554593;0,105079425080604
"241_2_52759186863_o";0,20439514524485;0,638351350632841;-0,539728738966283;0,74148417264921;0,326675624218804
"242_2_52758950669_o";0,210018167197073;0,721476234323983;-0,476542478283684;0,277854032956793;0,167504589242952
"243_2_52758950684_o";0,243438299377492;0,775487047120495;-0,43035249872999;0,270777893853181;0,242616109552879
"244_2_52758701846_o";0,23041622238801;0,766798624353202;-0,687539874480958;0,171898086482515;0,10978579091923
"245_2_52759108145_o";0,196252857312799;0,724694213437933;-0,482307155616812;0,462359620802303;0,075797773978069
"246_2_52759186948_o";0,207964559875583;0,746838211659163;-0,752400724048573;0,278366674681733;0,373567475496802
"247_2_52759186978_o";0,255319323739955;0,794429983879894;-0,697054058388624;0,397835647543571;0,384844494142477
"248_2_52759186993_o";0,214629224421151;0,794747794059004;-0,445181590001751;0,11364668888355;0,282162367509845
"249_2_52758701941_o";0,218140443451933;0,679095098956181;-0,689160067437344;0,177228180571039;0,470855235685978
"250_2_52758701971_o";0,17374787222428;0,778451261452646;-0,535873488733418;0,174098564569856;0,158784269034097
"251_2_52758158972_o";0,202599722326783;0,733791076663549;-0,729510721564751;0,456019419616355;0,411876529442323
"252_2_52759187078_o";0,235477314434653;0,711955221391646;-0,594477470875629;0,477579567715116;0,417907868413183
"253_2_52758702011_o";0,213396324521986;0,715373795523589;-0,609024104038929;0,297062621176551;0,358982172129098
"254_2_52758950869_o";0,237738633354692;0,839910674796807;-0,567057604668393;0,0703206468279818;0,120683653117859
"255_2_52759187118_o";0,20302809576867;0,670821158665826;-0,579690545031304;0,207092481194573;0,128463413285109
"256_2_52759187128_o";0,202998437446032;0,658639240735773;-0,572438233251142;0,565145343178781;0,401385452210851
"257_2_52758950914_o";0,247103690843459;0,700279624621468;-0,757876978559272;0,560562513398474;0,0961531777230444
"258_2_52759108285_o";0,221819222112857;0,739702587675732;-0,602472911466266;0,303647298276115;0,593276864677082
"259_2_52759187188_o";0,217047736684513;0,842152263702694;-0,470277187038617;0,108159802356439;0,161472727794606
"260_2_52759187213_o";0,246478388499891;0,800273824283598;-0,555971043414966;0,361258591808496;0,509919159087319
"261_2_52759108340_o";0,238954283503256;0,769739879014619;-0,57068453401546;0,46423807816663;0,172626793160037
"262_2_52759108355_o";0,212114363583175;0,872403442500526;-0,532393961132237;0,182191666409065;0,126762353784145
"263_2_52759108365_o";0,280454704801634;0,661204681839384;-0,596294324545552;0,595871675552499;0,294669420415372
"264_2_52758159077_o";0,27215148617645;0,640880539624766;-0,619740783967548;0,753236807621413;0,301218974459175
"265_2_52758951049_o";0,264094249649792;0,689216688538774;-0,651662498807611;0,638123568107474;0,272616775862622
"266_2_52758159112_o";0,221776900010851;0,753647566637423;-0,642086404458543;0,116217390737829;0,300038642816611
"267_2_52758702196_o";0,231463493956134;0,772741553862179;-0,599665187083256;0,494685513211647;0,238519132125308
"268_2_52759108415_o";0,192040826084158;0,770868528091761;-0,561705247502268;0,299187237453458;0,145624859067617
"269_2_52758159147_o";0,220658729581949;0,742102477469313;-0,595856427591073;0,13046251624763;0,417461649872816
"270_2_52758951129_o";0,228324358942789;0,754024588598953;-0,661158709044648;0,557549687419907;0,464703421443852
"271_5_52758159172_o";0,236443706736132;0,628934260420669;-0,584092871859552;0,468954638276547;0,101382638013283
"272_5_52759187438_o";0,220859817983182;0,744063716711498;-0,538586688397905;0,326919437754572;0,227090845173162
"273_5_52758159197_o";0,228840454507754;0,817245854571029;-0,471435752618126;0,217347214917861;0,0889944993625889
"274_5_52759187468_o";0,228840454507754;0,817245854571029;-0,471435752618126;0,217347214917861;0,0889944993625889
"275_5_52758702316_o";0,237367793833851;0,728008864849711;-0,598671406826318;0,525345695799868;0,154267597855003
"276_5_52759108540_o";0,169032787810687;0,728724239853638;-0,464508926587009;0,486457101838108;0,130342095447594
"277_5_52758159227_o";0,169032787810687;0,728724239853638;-0,464508926587009;0,486457101838108;0,130342095447594
"278_5_52759108575_o";0,250948514728936;0,706882342563121;-0,795277830771573;0,352156387041341;0,396472550702618
"279_5_52758951274_o";0,179937917287132;0,750616890100515;-0,422046068195437;0,135891550465308;0,0728668362976903
"280_5_52758702381_o";0,239712172928781;0,814893092522639;-0,501268236958644;0,45034963795035;0,347140908649573
"281_5_52759108600_o";0,248117779662995;0,628004997957798;-0,69450260209779;0,622352390564536;0,403382926372433
"282_5_52759108610_o";0,240407692056487;0,696886426967704;-0,708353137552416;0,577666120292156;0,259213907379587
"283_5_52759108620_o";0,255388853990429;0,682459294920596;-0,604535959272818;0,674297428964763;0,216622006192077
"284_5_52758159327_o";0,208002004366709;0,732398995574826;-0,679017031142472;0,221133587229376;0,105098435570232
"285_5_52758951389_o";0,254133530448649;0,794643871338839;-0,461323847172039;0,0863186175807872;0,397754873561187
"286_5_52758159357_o";0,256770442845436;0,746230384586569;-0,51734343801358;0,190815220372098;0,247563256755128
"287_5_52759108670_o";0,223842066720056;0,779129175941165;-0,431842012693873;0,102868395988833;0,0683505645237388
"288_5_52758951414_o";0,263334500879573;0,784552491849317;-0,462924181526136;0,326325557458529;0,349357782926542
"289_5_52758951429_o";0,211853581871269;0,716385229439615;-0,569870104244886;0,348691032904494;0,559883743092671
"290_5_52759187698_o";0,219638558087543;0,714539996954823;-0,569064344490599;0,644097177408579;0,510270796269644
"291_5_52759108705_o";0,206368334424792;0,68055726746083;-0,630478256766719;0,539204148602506;0,540591598141084
"292_5_52758951469_o";0,241969509949158;0,783021444332466;-0,758934734315518;0,128334677637413;0,456237477608013
"293_5_52758951494_o";0,198076353159815;0,902011750517801;-0,452530043845917;0,206333814879407;0,0505787559809462
"294_5_52758702541_o";0,185843237153792;0,552677943490208;-0,540739710836951;0,617192391578641;0,12184373709233
"295_5_52759108750_o";0,199557219182318;0,823808695189828;-0,509251905691999;0,0402741960628916;0,209441223816972
"296_5_52759108765_o";0,243471780628596;0,7448358866904;-0,641830828678533;0,217993840415182;0,338740127375092
"297_5_52759187788_o";0,214037505005324;0,688051787349946;-0,60929118014315;0,13638231911472;0,207439093730294
"298_5_52758702581_o";0,226537386108026;0,80439568938224;-0,63560403281094;0,192508604245942;0,11304592643195
"299_5_52758159547_o";0,19339246375101;0,808936870572711;-0,35553512758647;0,352624436824732;0,327734526622002
"300_5_52759187833_o";0,206458942362114;0,834622700105614;-0,477009257338207;0,175988151063553;0,16107528008358
"301_5_52759187858_o";0,210201620329724;0,791407766169046;-0,48724448982612;0,10447257568407;0,42317025154474
"302_5_52759108850_o";0,242723926864269;0,780251782999693;-0,48118381058407;0,21843072809442;0,256643152968711
"303_5_52759108870_o";0,224407208546827;0,750238659735263;-0,759892516723278;0,422832677207969;0,509198256317226
"304_5_52759187903_o";0,304220534513587;0,7358562386259;-0,400978802162187;0,583760446467423;0,30152362940951
"305_5_52759187908_o";0,24596306128375;0,727647552136579;-0,579381670186564;0,341863573663978;0,392878882782128
"306_6_52758159707_o";0,240472259833514;0,79252433120896;-0,399614015413435;0,328002748071178;0,349336506374957
"307_6_52758951799_o";0,246506848944328;0,818958162646307;-0,608347775356278;0,242189400727824;0,199237589424613
"308_6_52759108960_o";0,228279533690816;0,878991659597505;-0,368935223251516;0,24691258448298;0,296842403054197
"309_6_52758159737_o";0,200256806294462;0,672641014672438;-0,694361713976028;0,508919614061172;0,292948001154821
"310_6_52758951829_o";0,214452219116653;0,66924177500006;-0,765795854839521;0,423761563201889;0,20467926381496
"311_6_52759108995_o";0,206718664422838;0,643505192510797;-0,703351552545438;0,471592842887426;0,403438569551618
"312_6_52759109030_o";0,225122147044919;0,817777552209083;-0,603847222674949;0,323373741664823;0,372846571474258
"313_6_52758159817_o";0,216559109664825;0,834411229454116;-0,413624526895603;0,216428308960258;0,403434671704417
"314_6_52759188043_o";0,190414240235926;0,791978132726231;-0,543040126352344;0,373288392431167;0,379279722149289
"315_6_52759109100_o";0,241776531970852;0,90161297728926;-0,47093174327766;0,187121782657365;0,167485873278265
"316_6_52759109120_o";0,271759068018793;0,804139507792996;-0,522073974987016;0,325469420353025;0,582225029975693
"317_6_52758702871_o";0,183438739275661;0,779614954237751;-0,450395082644857;0,37252594429632;0,20972413778021
"318_6_52759109135_o";0,226880252121756;0,661953892147551;-0,694964957779885;0,393498293830556;0,388550141663674
"319_6_52758159937_o";0,159916336433462;0,713201085629905;-0,735737737519454;0,145324537885697;0,309666846408992
"320_6_52758159962_o";0,166325853766218;0,888158610239046;-0,180578985369217;0,330174770828737;0,209743425864181
"321_6_52758159987_o";0,222880270629245;0,762344448230776;-0,544355422614784;0,431099502969089;0,36504783158752
"322_6_52759188133_o";0,219100081716698;0,764130468933149;-0,577375249431734;0,32220327571104;0,43251419281126
"323_6_52758952044_o";0,234434002688848;0,724313566265235;-0,391999468731295;0,683144315466417;0,218539328152586
"324_6_52759188148_o";0,238200503365425;0,87056546043807;-0,40666728128046;0,141142138475793;0,426819823599236
"325_6_52759188178_o";0,21641726992911;0,847550203132666;-0,462481482753482;0,354082902337885;0,344535352326975
"326_6_52759188193_o";0,207651309080674;0,725262163187672;-0,525321352965824;0,430129287961218;0,0503175820125445
"327_6_52758160042_o";0,216604251943254;0,758898080813207;-0,450881277598827;0,343779465869706;0,294908417532693
"328_6_52758160052_o";0,199823677237672;0,761757164021471;-0,369518863644775;0,331631862410982;0,0953141367715731
"329_6_52758703006_o";0,206448190190121;0,794875884853626;-0,479137111031157;0,200229205502959;0,0742825075123445
"330_6_52758703031_o";0,178916888316839;0,657106984815199;-0,49699505833218;0,272875004649065;0,44948290631384
"331_6_52759188313_o";0,250230684278893;0,788502763619314;-0,646809475306364;0,509056039940552;0,252505580998317
"332_6_52759109315_o";0,240887904960235;0,738598106673047;-0,460577425571222;0,132650731540091;0,146930460601552
"333_6_52759109330_o";0,226845600627836;0,712773310712016;-0,534144963175037;0,474112964129901;0,237124018958966
"334_6_52758952239_o";0,218675122516593;0,770271576652673;-0,596661629702465;0,45813395634138;0,338840775412578
"335_6_52758703106_o";0,230793548084569;0,76547058866179;-0,63807157058597;0,542163979672119;0,396891121016795
"336_6_52758952284_o";0,235226614421111;0,632348000937721;-0,651065933492632;0,569726127876062;0,524319804085273
"337_6_52758160177_o";0,196761850462226;0,655380175895246;-0,683420032488955;0,327859750331041;0,173083581646334
"338_6_52758160192_o";0,232461291025691;0,798062445470782;-0,520188240846781;0,419307777241505;0,142935477577647
"339_6_52759188443_o";0,222252768030614;0,761665325338534;-0,666579027293041;0,201554919424132;0,300412139864361
"340_6_52759109440_o";0,237413061570615;0,78170065906339;-0,639782744539146;0,176909208138638;0,240152744195774
"341_3_52759188473_o";0,209744401284756;0,669367448987237;-0,669565661396612;0,493098264125202;0,183639085497342
"342_3_52759188493_o";0,25658810010326;0,785273908871858;-0,549122489742861;0,159769987181887;0,359809251307357
"343_3_52758952379_o";0,19902051263819;0,744979686733419;-0,535975850814974;0,126619697729827;0,102072816275383
"344_3_52758160292_o";0,171978713502051;0,718684821724199;-0,641513773512399;0,138222280105464;0,129941136693816
"345_3_52758703311_o";0,197335104865469;0,727497710074945;-0,720712196941435;0,293192998331641;0,270848140056779
"346_3_52759188563_o";0,177289313811453;0,712326201334561;-0,590524001858519;0,172266546167428;0,12595514558987
"347_3_52758952429_o";0,255347322288221;0,620843997496187;-0,712842140278409;0,559123883568219;0,415174825419682
"348_3_52758703356_o";0,282012299299969;0,674816141373568;-0,503477098176529;0,631764495052202;0,273085382693037
"349_3_52759109595_o";0,242314115149446;0,787557791908045;-0,669206380236792;0,0954385289988712;0,403147990380966
"350_3_52759188593_o";0,232740602784824;0,805262114851523;-0,595810457098232;0,071921830865386;0,101695162315812
"351_3_52759188613_o";0,241961289955253;0,800213404097455;-0,602742239480175;0,448566346213962;0,387233608468768
"352_3_52758952514_o";0,223277456298483;0,810519879449645;-0,557040883267012;0,451920514894564;0,375395737408252
"353_3_52758703436_o";0,262938416770765;0,828660436137072;-0,588525621079762;0,397496128018622;0,261214638828357
"354_3_52759188648_o";0,225092114252031;0,673500189719385;-0,538326055083193;0,468078909966825;0,18596247517926
"355_3_52759188658_o";0,232072625467121;0,762914814787961;-0,554498288739101;0,336691801878097;0,355078418323254
"356_3_52759188668_o";0,244882116246685;0,719279356355841;-0,61817988982497;0,461248742889174;0,064859274425379
"357_3_52758703476_o";0,137998591701499;0,716481901737443;-0,530538715946475;0,144534097524481;0,0808928007487267
"358_3_52758160492_o";0,222621119289025;0,760580178795415;-0,437125000478874;0,513392726079101;0,117319846983674
"359_3_52759109735_o";0,186049329143823;0,654871437927926;-0,507820251165661;0,445618323320679;0,280480088073511
"360_3_52758160577_o";0,165497984201521;0,688948422912301;-0,72007551134965;0,173184599536972;0,114838735998912
"361_3_52758703531_o";0,189379530753221;0,76682762604255;-0,441678764465877;0,258098307907413;0,248213674992164
"362_3_52758703541_o";0,188836623410213;0,673600487228381;-0,721278764233175;0,354144442620091;0,279205555217574
"363_3_52758703581_o";0,190059169264189;0,681682291326803;-0,583566290677495;0,20244709224326;0,0850992095230858
"364_3_52758952689_o";0,263598978196847;0,774821216669204;-0,583831438080237;0,438396636985797;0,345731382558307
"365_3_52758160672_o";0,214094472583055;0,760775940198517;-0,686578276900752;0,226753866318902;0,168251300494382
"366_3_52758160682_o";0,206703323890838;0,780074147652434;-0,333996068515659;0,286517597339775;0,0709240187830423
"367_3_52759109845_o";0,174686993028816;0,766541234360235;-0,482083593058569;0,382291395442645;0,157608884919408
"368_3_52758703636_o";0,225097747435097;0,751125628067835;-0,510076010709723;0,360598364142774;0,057648045746166
"369_3_52759188838_o";0,279730985074003;0,75368019353794;-0,5279521145724;0,385112417542186;0,164749485958405
"370_3_52758703681_o";0,19654267969672;0,680066655549352;-0,663193102678093;0,114827463159509;0,102250425616583
"371_3_52758160767_o";0,268001853152574;0,817469409259756;-0,402533049580969;0,119436418138522;0,371631536356407
"372_3_52759188903_o";0,231689191939849;0,77474750404211;-0,618379704513921;0,34398642785067;0,377288873071441
"373_3_52758160797_o";0,23123917674331;0,65906218203877;-0,712144354961367;0,561626396822727;0,199584207961856
"374_3_52758703746_o";0,184001300855286;0,701695873784648;-0,562875759600505;0,290115074905832;0,211303121314287
"375_3_52758952864_o";0,220388409762264;0,708584983408617;-0,656900263571492;0,56924462702722;0,249257334827047
"376_4_52759188948_o";0,240090802748546;0,710102738484517;-0,678497988292797;0,453631181235549;0,226074189020399
"377_4_52759109995_o";0,229535124279163;0,845936984162661;-0,606222643165775;0,205288771175357;0,0686040294023665
"378_4_52759110000_o";0,202955929143363;0,710006066186689;-0,491804162261446;0,681705358023074;0,277066910515488
"379_4_52759188998_o";0,17030888390442;0,727431247870188;-0,658415302421195;0,140203403305692;0,258011477105347
"380_4_52758160902_o";0,228177378016727;0,717159816225962;-0,65596837520765;0,710263339697469;0,536315951685109
"381_4_52758703826_o";0,198282349789654;0,811321051117894;-0,541887460081402;0,0512659631489971;0,294914207323303
"382_4_52758952959_o";0,222976955603097;0,856938291655489;-0,574820682547525;0,145740926109475;0,171235091536252
"383_4_52758952974_o";0,256460911194817;0,725286331262129;-0,547117829410819;0,701191801930318;0,494925286447929
"384_4_52758952984_o";0,286225179250478;0,664938649342991;-0,551894623197246;0,728766898389626;0,632323652040393
"385_4_52759189093_o";0,191395275954838;0,738363676350814;-0,386927865846693;0,218928943104043;0,118712720779714
"386_4_52759110100_o";0,227689227311792;0,743732614091438;-0,637961339036009;0,694708087970148;0,476310195679791
"387_4_52759189133_o";0,22318748629974;0,788632062817659;-0,522261345193791;0,355241048343235;0,356767802615117
"388_4_52759189148_o";0,257882668699017;0,708589817023508;-0,592341351281574;0,551817421204242;0,444475646853942
"389_4_52758703926_o";0,252603947305209;0,76171003627628;-0,365763750989248;0,491148424027995;0,613918904203994
"390_4_52759110140_o";0,258938216358256;0,795397915261897;-0,846848347267683;0,577700233922339;0,386711358050212
"391_4_52759110155_o";0,210278046439124;0,752104435083344;-0,63056931115903;0,464646621760083;0,269310413262993
"392_4_52759189213_o";0,249046362291471;0,774383774521533;-0,61517839668019;0,313394268908508;0,226258805116285
"393_4_52758161057_o";0,246922980927788;0,792113473943191;-0,59337212502574;0,105959570546629;0,106139552372601
"394_4_52758953094_o";0,260677204080176;0,673478438452373;-0,463725160530664;0,507675125822181;0,538606865096879
"395_4_52759189253_o";0,187172683891565;0,728352051507;-0,455833246176628;0,158243780615054;0,231897057013618
"396_4_52758161117_o";0,248846937558567;0,858836693904087;-0,531162501764548;0,170275079647555;0,210838789828816
"397_4_52758953134_o";0,243252042112177;0,704795429333759;-0,60813715472237;0,570208499911017;0,083548144213931
"398_4_52758161147_o";0,243011991774207;0,824121671754046;-0,428460668252963;0,243087003705411;0,55703373948479
"399_4_52758704076_o";0,218129044847031;0,809200302584292;-0,523882177333262;0,358529263865104;0,288358238451454
"400_4_52759110255_o";0,192988544602214;0,730748316089412;-0,683049937684143;0,109020095695355;0,405638392800245
"401_4_52759189343_o";0,207440122274202;0,838379627279956;-0,617926600911273;0,159985540462959;0,308827723660576
"402_4_52759110275_o";0,222853379362497;0,721872590745078;-0,336514900145253;0,469329991237956;0,103508013828207
"403_4_52758704141_o";0,229974252443626;0,812721591032678;-0,566866099535007;0,326753335960866;0,327042447054146
"404_4_52758161212_o";0,215792638657495;0,787539665852203;-0,653057876443554;0,186572183333186;0,250591472202427
"405_4_52759110300_o";0,211044301540792;0,853711853715479;-0,635133607314782;0,148871634114352;0,0950614464422403
"406_4_52759189423_o";0,217593433065368;0,756629907025418;-0,707553937679975;0,287874568010425;0,373168378416225
"407_4_52759189453_o";0,219427964747538;0,789867051422412;-0,554760281006007;0,326093870483278;0,244131887647205
"408_4_52758953264_o";0,229225720352921;0,898866275627222;-0,438485797248827;0,11818644354141;0,171374083274344
"409_4_52758953274_o";0,219218612051922;0,757151937433689;-0,466655917108438;0,365312592114712;0,502795630740201
"410_4_52758161307_o";0,209215014656575;0,849186381773405;-0,425577567089308;0,246197714759023;0,192294859051103
"411_4_52758161322_o";0,206934712170174;0,79253279003502;-0,630955230894242;0,260520710300106;0,35181542331864
"412_8_52759189508_o";0,249506409547659;0,801801246589281;-0,615039320876736;0,536459937321738;0,123163739134149
"413_8_52758704296_o";0,232979041327333;0,791029535803794;-0,503549519594804;0,515710825400446;0,0416459780466532
"414_8_52759189533_o";0,213317058457036;0,80006718724699;-0,557121543208675;0,126833367020148;0,12426386859965
"415_8_52759110440_o";0,224777182532783;0,740414337468491;-0,558971900745209;0,312383865203649;0,192724903753673
"416_8_52759189578_o";0,242011674365007;0,66344143713038;-0,65798841301149;0,671162326233815;0,647520806998442
"417_8_52758161417_o";0,18021608457824;0,660160621022841;-0,669918331546289;0,141562525506459;0,414100689779798
"418_8_52758161427_o";0,162282354040136;0,726806503145475;-0,48481245523741;0,221260366176985;0,121902144466262
"419_8_52758704366_o";0,196836363901338;0,756476439752616;-0,530570047423384;0,143306821048804;0,369457492529398
"420_8_52759189638_o";0,251498511606195;0,855832602249081;-0,586871868079411;0,360913085693919;0,0569898232178084
"421_8_52758953424_o";0,197662299682858;0,658902672747354;-0,583040809526475;0,568470517836107;0,496805961324661
"422_8_52758953449_o";0,261720574418562;0,822167682934198;-0,509986408333276;0,0843411233220625;0,245240766510767
"423_8_52759189683_o";0,242031133315481;0,776561318030109;-0,62507178945683;0,129135871984586;0,0902384599579329
"424_8_52758953484_o";0,180901114421837;0,732220151823844;-0,511015546050564;0,219146716359503;0,211009573503676
"425_8_52759110540_o";0,211190508507919;0,776628988638588;-0,600361394255054;0,54845117303633;0,215188559527938
"426_8_52758953524_o";0,172341254495353;0,699760011020642;-0,492730231104469;0,398537537504267;0,28115160919968
"427_8_52759189718_o";0,255634825336721;0,683606070053581;-0,616198951274892;0,473251220209429;0,0787326099845458
"428_8_52758704471_o";0,243911916588557;0,677217239570872;-0,471933741753328;0,468382053383819;0,202674495292441
"429_8_52758704486_o";0,250360064090904;0,759085383390249;-0,463679577295766;0,174808205116785;0,332749335894455
"430_8_52758704496_o";0,246202374325071;0,727903733725823;-0,854849773613617;0,170081337845677;0,191600195478364
"431_8_52758161557_o";0,213496759038397;0,758186331020449;-0,564603528295489;0,333422729606032;0,488243296784044
"432_8_52759189783_o";0,226605129982379;0,790207821272256;-0,340678703782152;0,252268214549699;0,124588099652292
"433_8_52758953619_o";0,247065143599641;0,733747574129526;-0,516342183308818;0,278596153559526;0,150985909021234
"434_8_52759110615_o";0,231349948890988;0,737208442391769;-0,684381519812269;0,462136459838696;0,331820367238114
"435_8_52759189823_o";0,220937393899752;0,761325763892413;-0,633132308105175;0,34211670583595;0,164463980056175
"436_8_52759189843_o";0,227397728991499;0,719558497615819;-0,569535746548769;0,264538050133625;0,0756530409331516
"437_8_52758953669_o";0,276037030556013;0,713263922623493;-0,528999332824484;0,529548397114779;0,597258042836378
"438_8_52758704626_o";0,207039415457461;0,840454456472089;-0,571673077009837;0,260393590082999;0,0522086900305739
"439_8_52758953694_o";0,162869490179007;0,575128876257042;-0,767006687843671;0,375026961964186;0,186758838614342
"440_8_52758953709_o";0,19739746440285;0,719661211932262;-0,822130126316506;0,30159922264787;0,229665367333176
"441_8_52759110750_o";0,214334614613755;0,77856726821004;-0,727838895643291;0,308587683429209;0,253866800846182
"442_8_52759110755_o";0,194624335738164;0,727790143775875;-0,597468136329083;0,311690109767913;0,316242916875016
"443_8_52758704701_o";0,18596294538415;0,749800009183868;-0,486302613061911;0,325062908196825;0,317667747592046
"444_8_52758161722_o";0,158393088159891;0,66411572640773;-0,564332735268698;0,167593984915462;0,184856497902741
"445_8_52758953759_o";0,161367429653465;0,659578170428427;-0,475588780202392;0,349698261198063;0,365892190722455
